,,,,PublisherReady,SubcriberReady,MQTTopic
dcaID,data_type,ProviderID,BuyerID,1,1,superchargeDdaisywheel
03d74e6ff4,FlameSensor,MCY,EZY,0,0,setbackDunderact
3f39990710,MetalSensor,HKX,FLF,0,1,uppermostDbackward
7ea7994bb5,FlameSensor,PXK,EZY,0,0,bypassDallover
fbcaaf118f,VisionAndImaging Sensor,EZY,SLZ,0,0,upstrokeDelsewhere
9c77c201eb,FlameSensor,KTC,LYC,1,0,lifelongDeardrop
7e41e76317,RadiationSensor,GRM,BCX,1,0,whitewallDcentercut
a4bf9335d3,HumiditySensor,THA,BCX,1,0,timeshareDcommonwealth
19d05f04ec,PositionSensor,WZP,PXK,1,0,lifelikeDcarpool
554455715e,HumiditySensor,FLF,WJN,1,0,taxicabDforewarn
b96fbd9aa9,LeakSensor,PCS,GRM,0,0,jackpotDtarget
62964039b0,RadiationSensor,HAB,UFF,1,0,backlashDweatherman
3f2fba1261,ElectricalSensor,FVC,UFF,1,1,horseradishDundercover
c5627c0840,ElectricalSensor,BCX,ETF,0,0,lifelineDanybody
2158544066,MotionSensor,LYC,GWG,1,0,taskmasterDupcoming
db3bffaf9a,Unknown,ETF,HAB,0,1,waterpowerDmainline
0147441ff3,PositionSensor,WJN,PCS,0,1,forefingerDsuperfine
f7a57c2b50,ProximitySensor,GHC,SLZ,0,1,bookendDsuperman
f46b694b93,PositionSensor,LYC,HAB,1,0,wheelbaseDtarget
a5672bf37b,HumiditySensor,GWG,ProviderID,1,0,earthwormDsomething
398be7dcd6,HumiditySensor,ETF,PKD,0,1,showoffDsharecropper
abe542a004,TemperatureSensor,MHE,JNU,0,0,whitecapDtypewriter
91487500b9,HumiditySensor,HKX,MHE,1,1,railroadDtabletop
d09471cf9a,ProximitySensor,FVC,SLZ,1,0,superhighwaysDbellboy
fb2b3d98a9,PhotoelectricSensor,KTC,ProviderID,1,0,throwbackDblowgun
d8404930b7,ParticleSensor,UWS,FVC,1,0,watercolorDlukewarm
3f3ae454bd,VisionAndImaging Sensor,PZA,LYC,1,0,householdDsoftball
4f431ca70e,PhotoelectricSensor,THA,HKX,0,1,handbookDbackward
cbefc50545,FlawSensor,PXK,FVC,1,1,tailpieceDunderfoot
3d89ef0f5d,PressureSensor,UFF,FRE,0,0,aircraftDtalebearer
eb8bef3091,HumiditySensor,MCY,FRE,1,1,forefeetDhighball
c37c72bcb4,PhotoelectricSensor,WJN,EPD,0,0,gearshiftDuphill
6bd1b5291b,PressureSensor,MHE,EZY,0,1,playboyDwastebasket
e5dfb684ad,PositionSensor,LYC,XCW,0,0,bypassDwheelhouse
aca17d73eb,LeakSensor,UWS,PXK,0,1,sheepskinDwarpath
76fac2f951,ParticleSensor,PXK,HKX,1,1,thunderboltDcardboard
6e0f44bcdf,TemperatureSensor,THA,GRM,1,1,fishbowlDheadlight
958d2e605b,MotionSensor,UWS,FVC,0,0,wardroomDbecause
85c02afc01,FlameSensor,ETF,HKX,0,1,lifelikeDbookmobile
d90df71736,PositionSensor,GWG,GWG,1,1,aircraftDjetport
0e261f8b66,ElectricalSensor,WJN,WJN,0,0,bluefishDwarehouse
724d5b02c4,PositionSensor,MHE,UWS,0,1,thunderbirdDovershoes
666426cec1,HumiditySensor,PKD,QAR,0,1,forearmDfootball
bf23322ddb,LeakSensor,WZP,THA,0,0,upholdDfireproof
ba869e3add,Unknown,FLF,PKD,1,1,sunlitDcannot
5ad9f5245c,RadiationSensor,WJN,KTC,0,1,hereafterDsandstone
7d3b55dde2,HumiditySensor,XCW,ProviderID,1,1,headlightDturnoff
41bc25f17a,ProximitySensor,PZA,EPD,1,1,tablespoonDfirebreak
dc092a5727,ParticleSensor,DDN,WJN,0,1,supermarketDhousekeeper
48d4ef421c,VisionAndImaging Sensor,LYC,GWG,0,1,saucepanDduckpin
d799b0a976,TemperatureSensor,HKX,THA,0,1,waistlineDhometown
1c057fc18b,ContactSensor,PCS,EZY,0,0,nevermoreDthemselves
69534ed805,MotionSensor,MCY,PZA,0,1,upheavalDlifeblood
d47205b46b,ContactSensor,HAB,FVC,0,1,buttercupDforeman
d44d64cb41,LevelSensor,PZA,MHE,0,0,longhandDairmen
d93848f2f6,RadiationSensor,FRE,GRM,1,1,newfoundDwatershed
327a83ef1e,TemperatureSensor,WJN,PZA,0,0,weathercockDforbearer
105171a20a,MotionSensor,EPD,GHC,0,0,dogwoodDhandcuff
bbee2e0367,FlameSensor,XCW,FLF,1,1,headdressDsandlot
3b42ddc80e,MetalSensor,WRV,WRV,1,0,supersensitiveDjetliner
a2d06f44d3,RadiationSensor,WRV,ETF,0,0,cardstockDforehead
38d02c2e9a,ElectricalSensor,THA,UFF,0,1,eggheadDeyelash
4e3b9eacef,PhotoelectricSensor,LYC,BCX,0,0,sandlotDtoolbox
4c5772485e,ParticleSensor,PKD,GWG,1,1,bellbottomDhimself
0491b808b3,FlameSensor,EPD,HAB,1,1,toolboxDsoybean
3b532fd5ff,RadiationSensor,WRV,ETF,0,1,bellhopDwaterlog
0bcd126129,MetalSensor,SLZ,FRE,1,1,limestoneDrattletrap
fa22ee3721,ParticleSensor,GRM,HKX,1,1,housetopDgrandnieces
e714f7aa53,RadiationSensor,BCX,EZY,1,0,supermarketDbookmobile
bd0a651ef1,FlawSensor,MHE,UWS,0,1,boldfaceDsundown
e9a14993f0,ContactSensor,WRV,XCW,1,1,warfareDfireworks
3636113738,ProximitySensor,PXK,PXK,1,1,watchmanDsheepskin
461763233b,Unknown,PXK,PCS,0,0,washstandDsnowdrift
1a8450621b,TemperatureSensor,FRE,PZA,1,1,waterwheelDblackmail
b089e3550d,HumiditySensor,MHE,GRM,1,0,bootstrapDafterimage
8ec64edc8e,HumiditySensor,LYC,MHE,1,0,bluebirdDlifetime
e94af20f5f,FlameSensor,BCX,HKX,1,1,sandlotDcentercut
4adaf09eff,ParticleSensor,UFF,WZP,1,1,horsebackDturnkey
00967a9ea1,ProximitySensor,PCS,FLF,1,1,daybedDbelow
4252934c45,ParticleSensor,MCY,ETF,1,0,sandlotDsuperstrong
a9b181236d,PositionSensor,MHE,MCY,0,1,upwindDtimeshare
d67da69c79,VisionAndImaging Sensor,UWS,WRV,1,1,watermelonDundercharge
9807c09995,ProximitySensor,PCS,UWS,0,1,jetlinerDteammate
5dce1b4252,FlawSensor,BCX,XCW,0,0,scarecrowDgrandmaster
d2c835ec6e,ContactSensor,GRM,ProviderID,1,1,motherhoodDsharecropper
c135b1e319,FlawSensor,FLF,EZY,1,0,underexposeDbutterscotch
c57bf7866e,PressureSensor,GRM,PXK,1,1,taprootDsunbaked
6aa5e3e979,MotionSensor,UWS,PCS,1,1,bodyguardDlimelight
493e1d9636,VisionAndImaging Sensor,LYC,XCW,1,1,fortnightDforegone
59ee1935e5,HumiditySensor,WJN,GWG,1,1,washclothDuplift
5518807332,TemperatureSensor,XCW,LYC,0,1,goodnightDkeypunch
82b2054aec,PositionSensor,KTC,XCW,0,1,dishwasherDdeadline
24fff0797a,PositionSensor,PKD,PKD,0,0,cardsharpDupload
a4c91596a7,PhotoelectricSensor,QAR,WZP,1,1,sundownDoverflow
6c1c26c287,LevelSensor,GHC,FVC,1,1,goodbyeDoverboard
a775bce50d,ElectricalSensor,EPD,KTC,0,0,wardroomDstandby
901ba6ee25,VisionAndImaging Sensor,FLF,GRM,0,1,turnbuckleDcarpool
f79115e82f,PhotoelectricSensor,PCS,MHE,0,0,carsickDforefoot
828c27bd40,MotionSensor,UWS,MHE,1,1,nevermoreDhighland
2e621e8ce1,PressureSensor,GWG,FLF,0,1,grasshopperDfireflies
07f672d757,FlawSensor,EZY,SLZ,1,0,sixfoldDhandbook
516cafdd23,VisionAndImaging Sensor,QAR,EZY,1,1,daylightDtailgate
14663d3028,FlameSensor,THA,JNU,0,0,postcardDtableware
cf2889a2a4,ProximitySensor,QAR,THA,0,1,taillikeDforemost
43760e12e8,Unknown,GRM,ETF,0,1,tagalongDbutterball
9874485bca,TemperatureSensor,DDN,WJN,1,0,passbookDsunflower
eadc2096f5,ProximitySensor,KTC,LYC,1,1,tapewormDbuttermilk
119df18a42,PhotoelectricSensor,DDN,EPD,0,1,airfieldDwashout
a38b8acb01,PositionSensor,ETF,WRV,0,1,taillightDtimepieces
5c0d32ad63,LevelSensor,WZP,GWG,1,1,highwayDcentercut
ece7f9674f,ParticleSensor,QAR,PXK,0,1,sidewalkDdishcloth
b3ff251655,MetalSensor,QAR,XCW,1,0,airmenDbutterfingers
552da42dae,FlawSensor,GWG,GRM,0,0,teammateDhorsehair
deda5f21a1,ParticleSensor,XCW,FLF,1,0,waywardDwashtub
78b222d4d9,HumiditySensor,PCS,FVC,0,0,whatsoeverDduckpin
dea7c4305c,MetalSensor,WJN,MCY,1,0,forkliftDtadpole
be2de7cfbb,LevelSensor,MCY,PKD,0,1,sharpshooterDundercut
c01f851a0e,MotionSensor,PCS,XCW,1,0,sailboatDcrosscut
37e965693f,PhotoelectricSensor,HKX,GWG,0,1,moonbeamDcrosswalk
357b657547,PhotoelectricSensor,UFF,PCS,1,1,weathermanDfisherman
c9de720189,PositionSensor,HKX,MCY,1,0,foresightDwaxwork
4ac9405ba8,VisionAndImaging Sensor,GWG,PKD,0,0,nevermoreDnewsworthy
ed5687022e,HumiditySensor,EZY,THA,1,0,townshipDhorseplay
4fcbd73b8c,LevelSensor,UWS,FVC,1,0,softwareDstandpoint
b6f4cf5e67,TemperatureSensor,HAB,PKD,1,1,tablewareDupbringing
58a1c31f88,MotionSensor,WJN,PCS,1,0,foreheadDwashtub
6486973459,Unknown,SLZ,MHE,1,1,warfareDeyewitness
2cff111f98,LevelSensor,FLF,MHE,0,0,forewarnDtarget
cc4997fa93,FlawSensor,FLF,LYC,0,0,newspersonDfishbowl
146f37bde7,VisionAndImaging Sensor,PZA,PXK,1,1,washoutDpinup
0ba99d92a3,ContactSensor,DDN,UFF,1,0,watchwordDponytail
70b30c09ce,HumiditySensor,PKD,WRV,1,1,strongholdDtabletop
f84633491e,HumiditySensor,GHC,SLZ,0,1,firecrackerDhookworm
eb2d0b1e5a,ProximitySensor,EPD,BCX,0,0,sixfoldDpinwheel
da2d86a5df,ProximitySensor,MCY,HAB,0,1,sharecropperDfireworks
afe8cfa6b6,LevelSensor,BCX,EZY,1,0,daylightDheadline
cd90a85ef9,ContactSensor,GWG,PKD,0,0,seashoreDjellyfish
f32dafc7c2,MetalSensor,LYC,GHC,1,0,fishermanDfirecracker
8428e28112,PositionSensor,WRV,ETF,1,0,houseworkDhighland
461568d623,ParticleSensor,WRV,FRE,0,1,stopwatchDsunroof
23f434584a,VisionAndImaging Sensor,GRM,FRE,1,0,blacksmithDsuperpower
ad0a1f7e11,PhotoelectricSensor,JNU,ProviderID,0,1,horsepowerDtenderfoot
a61250c68c,TemperatureSensor,PKD,MCY,1,1,sometimesDlifesaver
5e1f015ab7,PhotoelectricSensor,MCY,EPD,0,1,carpoolDstockroom
ff3087d329,LeakSensor,QAR,FVC,1,1,sixfoldDalso
2be13c6dab,HumiditySensor,FLF,WJN,0,1,takeoffDpopcorn
a4213f2869,HumiditySensor,WRV,KTC,0,1,thereforeDbluebird
e1073f7ffc,ContactSensor,EPD,WZP,0,0,wardroomDwatercooler
35d9bb902a,FlameSensor,KTC,EZY,0,1,newfoundDfireproof
dc3794ddaf,ElectricalSensor,DDN,GRM,1,0,pinstripeDsnakeskin
d4dbf6192b,ElectricalSensor,GRM,FLF,0,1,matchboxDhowever
6803af6541,MotionSensor,HAB,GWG,1,0,aroundDcheeseburger
ea58a6722d,ElectricalSensor,WRV,WZP,0,0,keywayDcaretaker
1f9b81d966,PositionSensor,EZY,ProviderID,1,0,sunupDdairymaid
42c3348362,FlawSensor,EPD,JNU,1,0,newspaperDbookcase
a733845132,VisionAndImaging Sensor,XCW,GRM,1,1,keywordDplaythings
9952408cdf,FlawSensor,MHE,XCW,1,0,foreshadowDhimself
be75489396,LeakSensor,MHE,UWS,1,1,takeoverDwaistline
3f24b58f3b,ContactSensor,FVC,PKD,1,0,alsoDinside
ccbb4e4446,TemperatureSensor,MCY,GRM,1,0,taillikeDwalleyed
ba52674bf1,PositionSensor,FLF,ETF,0,0,standoutDgrandaunt
beeca11921,ProximitySensor,WRV,FRE,1,0,foretoldDhoneydew
163066ebe4,VisionAndImaging Sensor,WJN,WRV,1,1,firefliesDhorsehair
c8989fd3ab,MetalSensor,EPD,WRV,1,1,friendshipDglassmaking
2282023259,MotionSensor,SLZ,QAR,0,0,wardroomDtakeover
be5ce739f8,ProximitySensor,HKX,XCW,0,1,tailboneDfoothill
ab7d283bf6,RadiationSensor,KTC,THA,0,1,sunbakedDsandlot
5d4189c8ef,ParticleSensor,GHC,QAR,0,1,whitewashDriverbanks
06972ef6c6,PositionSensor,FVC,EZY,1,1,grandmotherDforeclosure
3586c4a6e5,PressureSensor,GHC,MCY,1,0,foredoomDuptake
07e47ad07a,VisionAndImaging Sensor,QAR,WZP,1,1,airplaneDbutternut
893c28d6ba,LevelSensor,EPD,WZP,1,1,baseballDteaspoon
21146f9bab,LeakSensor,PZA,WZP,0,0,backstageDblackboard
2d1f2a14cf,PositionSensor,FRE,KTC,1,0,turntableDcannot
c98db6f833,PhotoelectricSensor,GRM,HKX,1,1,basketballDgrandchild
b40e53dd89,PhotoelectricSensor,PCS,ETF,1,0,passkeyDfirearm
3e278aab8a,FlawSensor,MCY,WJN,1,0,somethingDforecastle
203c048542,ParticleSensor,DDN,WJN,0,1,anyhowDbypass
b9fc8e33b2,Unknown,HAB,HKX,1,1,bookwormDanymore
0797192dff,ContactSensor,UFF,PXK,0,0,railwayDhousework
06c1e79d2f,HumiditySensor,PZA,WZP,0,1,slumlordDspacewalk
94e2917f5c,ProximitySensor,MCY,WZP,0,0,townshipDwhatsoever
dabff68cb0,RadiationSensor,GRM,WZP,0,0,superscriptDtenfold
e234c7aca4,PressureSensor,GHC,FLF,0,1,throwawayDbookmobile
7f816df6df,TemperatureSensor,PCS,PCS,0,0,stepsonDwatchword
7595eb02aa,MetalSensor,UFF,FLF,0,1,taprootDstepson
be043ac6cf,ParticleSensor,UWS,PKD,1,1,blackboardDwastepaper
98375e9c37,HumiditySensor,THA,THA,1,1,cartwheelDairfield
4ecdb04396,ElectricalSensor,LYC,PKD,0,1,tenderfootDwheelhouse
87f84ec024,HumiditySensor,JNU,UFF,1,1,footballDhereupon
b82a956373,Unknown,GHC,JNU,1,1,sunbakedDclockwise
ab78521457,ContactSensor,LYC,GWG,1,1,popcornDwaterfront
81ee182cce,FlawSensor,PCS,BCX,1,0,anywhereDbookmark
780d7621c2,RadiationSensor,HKX,KTC,0,1,earthwormDbookshelf
950457176,PhotoelectricSensor,FLF,PZA,1,0,eggheadDthunderbolt
ee81ebac69,Unknown,BCX,ETF,0,0,peppermintDcarpetbagger
0a02ef6f24,ParticleSensor,KTC,SLZ,0,1,themselvesDteaspoon
bdbda827a5,Unknown,EPD,THA,0,1,dishclothDblueprint
07b7c308db,MetalSensor,GHC,MHE,0,0,peppermintDwastewater
f5f4ec437a,PressureSensor,PZA,QAR,1,1,forecastDhandgun
58656f7d16,LevelSensor,XCW,HAB,0,1,uproarDtableware
d6cd024cfd,MotionSensor,EZY,HAB,0,0,newbornDbellhop
42c21a2279,PhotoelectricSensor,EZY,ETF,1,0,tailspinDsuperpower
984f5c5a5a,FlameSensor,KTC,PKD,0,0,tablespoonDjumpshot
a33c9b94b9,ElectricalSensor,PKD,MHE,0,1,underbellyDjellybean
bcc67a4deb,RadiationSensor,UFF,LYC,0,0,candlestickDblackjack
764e1ac87f,FlawSensor,WJN,PZA,1,0,daylightDmainland
4.20E+56,VisionAndImaging Sensor,WZP,SLZ,1,1,upgradeDrattletrap
1afeed265a,PhotoelectricSensor,LYC,EPD,0,1,upbeatDhorseplay
3b0cf7f89e,FlameSensor,HAB,PKD,0,0,supersensitiveDanywhere
fb9ba59895,VisionAndImaging Sensor,QAR,LYC,1,0,forebearDwaterline
86c459c8d8,MetalSensor,EPD,PCS,1,1,dairymaidDmotherhood
3eb4bd7e1e,PositionSensor,BCX,EPD,0,1,afterimageDbackspace
f5b1f2be08,Unknown,KTC,FRE,0,1,boldfaceDballroom
b10147fc59,ContactSensor,EPD,THA,1,0,fishhookDtherefore
5b1c5f254c,VisionAndImaging Sensor,HAB,EPD,0,0,thunderstormDovercoat
695153efcc,LevelSensor,GHC,PZA,0,1,fishbowlDsnakeskin
e7e7df3e4c,HumiditySensor,GWG,EZY,1,1,anywhereDtoday
6708a67b02,MotionSensor,EZY,WRV,1,1,foregroundDwarehouse
c11f992527,FlameSensor,PKD,JNU,0,0,carhopDeyecatching
44443aadf8,Unknown,HAB,GWG,0,1,upstandingDcentercut
67d02775f1,ContactSensor,PXK,HKX,0,1,uplandDoverboard
880edace97,RadiationSensor,WRV,PCS,0,1,limestoneDforeground
dd6366e8eb,Unknown,PZA,UWS,0,1,throwawayDbackward
fe738e1e80,FlameSensor,PCS,ProviderID,0,1,thereforeDnewsworthy
e2b2242bb2,TemperatureSensor,LYC,EZY,0,0,uprootDbedroom
5f644066db,PositionSensor,PKD,GRM,1,1,foregoDhouseboat
71c3705e71,ContactSensor,QAR,PZA,1,0,jetportDjackpot
8c6f525917,ElectricalSensor,FLF,PKD,1,0,noisemakerDanother
ff3be15eea,ElectricalSensor,BCX,BCX,1,0,newsroomDturnaround
6280ae343a,ContactSensor,QAR,PXK,1,1,jetportDpostcard
cff1f45d77,MotionSensor,WRV,GRM,1,1,anyhowDcomeback
74e54b217f,FlawSensor,FVC,EPD,1,0,waterfallDanyplace
af1452a52a,TemperatureSensor,DDN,WJN,0,0,blackbirdDrainstorm
30f0f97c6a,LevelSensor,UFF,THA,0,0,graveyardDtagalong
827264c3ad,Unknown,UFF,QAR,0,1,somebodyDearthward
9066bafebb,ElectricalSensor,GRM,PCS,1,0,herselfDthunderbird
b775aab75e,MetalSensor,GHC,GWG,1,1,boardwalkDbootstrap
6a0238d4d4,MotionSensor,FVC,UWS,1,0,whatsoeverDwoodshop
1fea2af746,MetalSensor,WZP,FVC,1,1,peppermintDsharecropper
5dddf77a9d,PhotoelectricSensor,WRV,MHE,0,0,bellhopDduckweed
cdd8953685,PressureSensor,PKD,MCY,1,1,teapotDdeadline
57dae3c306,ElectricalSensor,LYC,GWG,0,0,handcuffDgraveyard
d6a6a824b8,LeakSensor,DDN,ETF,0,1,turnaroundDunderact
020b7d3eb2,ParticleSensor,GWG,PZA,1,1,timesavingDtailspin
7fe8ecfc44,RadiationSensor,ETF,SLZ,1,1,turnoffDthunderbolt
bb4ce82a7a,LevelSensor,FVC,ETF,0,1,aroundDturnaround
87fafc1daf,MetalSensor,UWS,KTC,1,0,newbornDbellbottom
62eb71362c,LevelSensor,UWS,LYC,1,0,walleyedDtableware
b17b7fabb8,FlameSensor,FVC,UWS,1,0,forgiveDcarryall
aedb3c6f92,PressureSensor,XCW,PXK,1,1,underarmDwatchband
c5537a00df,MotionSensor,FLF,JNU,1,1,subwayDwatchdog
1428c613d0,RadiationSensor,WRV,PZA,0,1,blacklistDwarlike
2a5a972bbc,Unknown,GHC,MCY,0,0,newscasterDupscale
9c50ff67b5,Unknown,SLZ,GWG,0,1,warehouseDforethought
766afe5811,LevelSensor,PXK,FLF,0,1,upscaleDforethought
2fdec46de4,ParticleSensor,THA,HAB,1,1,butterfingersDstarfish
c9fc89915d,TemperatureSensor,JNU,SLZ,0,1,turnaboutDuplink
c65afcdae4,FlameSensor,JNU,EPD,0,0,tableclothDfruitcup
a30691cf23,PositionSensor,MCY,MCY,1,0,starfishDsomewhat
55b42212ca,RadiationSensor,EZY,ETF,0,0,tenderfootDtypewriter
029f19ef19,ElectricalSensor,PZA,PXK,1,1,uptightDcardboard
6d75538b2c,LevelSensor,QAR,EPD,0,1,pinstripeDalso
3f717e63aa,LevelSensor,PXK,FLF,0,1,nursemaidDcannot
cc3cb3e325,TemperatureSensor,HAB,MCY,0,1,overflowDhandcuff
7ab5186044,Unknown,FLF,GHC,1,1,newscasterDallspice
ca1dad0424,ProximitySensor,SLZ,KTC,1,0,horseflyDsoundproof
5061230c72,ElectricalSensor,GHC,QAR,1,0,cannotDwayfarer
bd009c9a4b,PositionSensor,FLF,UWS,0,0,backdropDcandlelight
62e4acee90,FlameSensor,FRE,UWS,1,0,tabletopDupscale
1d20297515,LeakSensor,EZY,PZA,0,1,jetportDwashhouse
580b4ae5da,PhotoelectricSensor,PCS,BCX,1,0,newscasterDgrandmaster
a064c3ad41,HumiditySensor,KTC,FVC,1,0,railwayDbedroll
79c18bba80,VisionAndImaging Sensor,PKD,BCX,0,0,boldfaceDeggshell
3e26e3fae3,MotionSensor,FVC,PKD,0,0,airliftDturncoat
b5ce6f3453,ContactSensor,EPD,PKD,0,0,earthwormDbootstrap
a9101131c6,ElectricalSensor,EPD,PZA,0,1,forehandDturnaround
5c5b0f7025,ParticleSensor,SLZ,GHC,1,1,starfishDanymore
1234e28c30,PositionSensor,WRV,GHC,0,1,upstageDwashtub
941799e0a9,RadiationSensor,GWG,PXK,0,0,insideDbaseball
6ea62c7bf2,ProximitySensor,WJN,HAB,0,0,tableclothDupright
95eae23c5f,Unknown,XCW,XCW,1,1,nevermoreDstepson
d3a9814379,LeakSensor,JNU,FLF,1,0,upthrustDpassbook
e0fb0e161c,TemperatureSensor,XCW,GHC,1,1,notebookDherself
5b0f4e1a70,Unknown,LYC,WRV,1,1,teammateDfirearm
ee643e266c,Unknown,GWG,GRM,1,1,cornmealDmotherhood
47a0bbcbaf,RadiationSensor,GHC,FRE,1,0,showplaceDrattlesnake
37e9f740e2,ElectricalSensor,UFF,HKX,1,1,hereinDupright
139cc012f5,ElectricalSensor,MCY,FRE,1,1,himselfDshowoff
59cffcf327,PressureSensor,KTC,PKD,1,1,bookmarkDsaucepan
45079f4cdf,ElectricalSensor,PXK,PCS,0,0,waywardDforewarn
92faf3f1c4,FlameSensor,WRV,KTC,1,1,blacklistDalso
ecbb3ec1b5,MetalSensor,MCY,UFF,0,0,timekeeperDgrandaunt
48ad912d08,LeakSensor,FRE,MHE,1,1,wastewaterDforesee
e32e2a5c5e,HumiditySensor,WZP,XCW,0,1,warlikeDnevermore
7206303618,ElectricalSensor,WZP,EZY,1,0,lukewarmDupbringing
5bc47f69dc,ParticleSensor,MCY,UFF,0,0,meanwhileDtaleteller
a3450edf9e,FlawSensor,FLF,GHC,1,1,herebyDhamburger
cbfe57d8e3,Unknown,FLF,GRM,0,0,warfareDhandbook
20061d34d8,HumiditySensor,DDN,JNU,1,1,tadpoleDbedroll
b30a3ae6d6,Unknown,XCW,MCY,0,1,turnbuckleDbackground
