dcaID,data_type,ProviderID,BuyerID,PublisherReady,SubcriberReady,MQTTopic
03d74e6ff4,RadiationSensor,PZA,PZA,TRUE,TRUE,superchargeDdaisywheel
3f39990710,FlameSensor,WZP,UWS,FALSE,FALSE,setbackDunderact
7ea7994bb5,TemperatureSensor,GHC,FVC,TRUE,FALSE,uppermostDbackward
fbcaaf118f,RadiationSensor,PZA,DDN,TRUE,FALSE,bypassDallover
9c77c201eb,ElectricalSensor,WZP,EZY,FALSE,FALSE,upstrokeDelsewhere
7e41e76317,LeakSensor,THA,PZA,FALSE,TRUE,lifelongDeardrop
a4bf9335d3,TemperatureSensor,WJN,HAB,TRUE,FALSE,whitewallDcentercut
19d05f04ec,RadiationSensor,UFF,EZY,FALSE,FALSE,timeshareDcommonwealth
554455715e,TemperatureSensor,FVC,DDN,FALSE,FALSE,lifelikeDcarpool
b96fbd9aa9,ContactSensor,ETF,WJN,TRUE,FALSE,taxicabDforewarn
62964039b0,PressureSensor,XCW,WRV,TRUE,FALSE,jackpotDtarget
3f2fba1261,HumiditySensor,EZY,BCX,FALSE,TRUE,backlashDweatherman
c5627c0840,ContactSensor,UWS,QAR,TRUE,TRUE,horseradishDundercover
2158544066,PressureSensor,FLF,QAR,TRUE,FALSE,lifelineDanybody
db3bffaf9a,ParticleSensor,FRE,DDN,TRUE,FALSE,taskmasterDupcoming
0147441ff3,PressureSensor,PXK,DDN,FALSE,FALSE,waterpowerDmainline
f7a57c2b50,PhotoelectricSensor,THA,PKD,TRUE,TRUE,forefingerDsuperfine
f46b694b93,ProximitySensor,WRV,DDN,TRUE,TRUE,bookendDsuperman
a5672bf37b,LevelSensor,KTC,KTC,FALSE,TRUE,wheelbaseDtarget
398be7dcd6,PhotoelectricSensor,UFF,DDN,TRUE,TRUE,earthwormDsomething
abe542a004,MotionSensor,LYC,EPD,FALSE,TRUE,showoffDsharecropper
91487500b9,TemperatureSensor,GHC,LYC,FALSE,FALSE,whitecapDtypewriter
d09471cf9a,RadiationSensor,THA,PCS,FALSE,TRUE,railroadDtabletop
fb2b3d98a9,RadiationSensor,EZY,ProviderID,FALSE,FALSE,superhighwaysDbellboy
d8404930b7,ProximitySensor,MHE,BCX,TRUE,FALSE,throwbackDblowgun
3f3ae454bd,FlawSensor,GRM,WZP,TRUE,TRUE,watercolorDlukewarm
4f431ca70e,ParticleSensor,EPD,WRV,FALSE,FALSE,householdDsoftball
cbefc50545,LeakSensor,PXK,XCW,FALSE,FALSE,handbookDbackward
3d89ef0f5d,FlameSensor,HKX,JNU,FALSE,TRUE,tailpieceDunderfoot
eb8bef3091,MotionSensor,PCS,PCS,TRUE,FALSE,aircraftDtalebearer
c37c72bcb4,HumiditySensor,GHC,DDN,FALSE,TRUE,forefeetDhighball
6bd1b5291b,ParticleSensor,PCS,QAR,TRUE,FALSE,gearshiftDuphill
e5dfb684ad,FlawSensor,EZY,QAR,FALSE,TRUE,playboyDwastebasket
aca17d73eb,TemperatureSensor,GWG,XCW,FALSE,FALSE,bypassDwheelhouse
76fac2f951,FlameSensor,GRM,HKX,FALSE,TRUE,sheepskinDwarpath
6e0f44bcdf,PositionSensor,GWG,WZP,FALSE,TRUE,thunderboltDcardboard
958d2e605b,HumiditySensor,SLZ,WJN,FALSE,TRUE,fishbowlDheadlight
85c02afc01,ProximitySensor,GHC,KTC,TRUE,FALSE,wardroomDbecause
d90df71736,MetalSensor,FLF,WRV,TRUE,TRUE,lifelikeDbookmobile
0e261f8b66,FlameSensor,WJN,EZY,FALSE,FALSE,aircraftDjetport
724d5b02c4,PhotoelectricSensor,PKD,FRE,TRUE,TRUE,bluefishDwarehouse
666426cec1,PositionSensor,THA,LYC,FALSE,TRUE,thunderbirdDovershoes
bf23322ddb,FlawSensor,FLF,HKX,FALSE,FALSE,forearmDfootball
ba869e3add,PositionSensor,JNU,GHC,TRUE,TRUE,upholdDfireproof
5ad9f5245c,PositionSensor,UFF,FLF,TRUE,FALSE,sunlitDcannot
7d3b55dde2,HumiditySensor,PZA,PZA,FALSE,TRUE,hereafterDsandstone
41bc25f17a,ProximitySensor,DDN,DDN,FALSE,FALSE,headlightDturnoff
dc092a5727,LevelSensor,WRV,BCX,FALSE,TRUE,tablespoonDfirebreak
48d4ef421c,TemperatureSensor,LYC,UWS,FALSE,FALSE,supermarketDhousekeeper
d799b0a976,HumiditySensor,PCS,QAR,FALSE,TRUE,saucepanDduckpin
1c057fc18b,FlameSensor,DDN,MCY,FALSE,FALSE,waistlineDhometown
69534ed805,ParticleSensor,FLF,THA,FALSE,FALSE,nevermoreDthemselves
d47205b46b,ProximitySensor,PKD,UWS,TRUE,TRUE,upheavalDlifeblood
d44d64cb41,LeakSensor,JNU,PZA,FALSE,FALSE,buttercupDforeman
d93848f2f6,HumiditySensor,HAB,FLF,FALSE,FALSE,longhandDairmen
327a83ef1e,FlawSensor,PKD,PKD,FALSE,FALSE,newfoundDwatershed
105171a20a,PositionSensor,MHE,PCS,FALSE,FALSE,weathercockDforbearer
bbee2e0367,HumiditySensor,LYC,LYC,TRUE,FALSE,dogwoodDhandcuff
3b42ddc80e,FlameSensor,PCS,GWG,TRUE,FALSE,headdressDsandlot
a2d06f44d3,RadiationSensor,HKX,MCY,TRUE,FALSE,supersensitiveDjetliner
38d02c2e9a,FlawSensor,FLF,PCS,TRUE,TRUE,cardstockDforehead
4e3b9eacef,LevelSensor,DDN,SLZ,TRUE,TRUE,eggheadDeyelash
4c5772485e,TemperatureSensor,PXK,UWS,TRUE,FALSE,sandlotDtoolbox
0491b808b3,FlawSensor,QAR,GWG,FALSE,TRUE,bellbottomDhimself
3b532fd5ff,FlawSensor,KTC,FLF,FALSE,TRUE,toolboxDsoybean
0bcd126129,ParticleSensor,ETF,FLF,TRUE,TRUE,bellhopDwaterlog
fa22ee3721,TemperatureSensor,GRM,GRM,TRUE,FALSE,limestoneDrattletrap
e714f7aa53,ParticleSensor,GHC,EPD,TRUE,TRUE,housetopDgrandnieces
bd0a651ef1,PositionSensor,FVC,PZA,TRUE,FALSE,supermarketDbookmobile
e9a14993f0,TemperatureSensor,DDN,GWG,FALSE,TRUE,boldfaceDsundown
3636113738,LevelSensor,HKX,GHC,TRUE,TRUE,warfareDfireworks
461763233b,MotionSensor,WRV,BCX,TRUE,TRUE,watchmanDsheepskin
1a8450621b,MetalSensor,PXK,GHC,FALSE,FALSE,washstandDsnowdrift
b089e3550d,HumiditySensor,BCX,GRM,TRUE,FALSE,waterwheelDblackmail
8ec64edc8e,ElectricalSensor,JNU,DDN,FALSE,FALSE,bootstrapDafterimage
e94af20f5f,ElectricalSensor,HAB,QAR,TRUE,TRUE,bluebirdDlifetime
4adaf09eff,ContactSensor,EPD,FVC,TRUE,TRUE,sandlotDcentercut
00967a9ea1,PositionSensor,SLZ,HKX,TRUE,TRUE,horsebackDturnkey
4252934c45,TemperatureSensor,FVC,MHE,FALSE,FALSE,daybedDbelow
a9b181236d,ProximitySensor,EZY,GRM,FALSE,TRUE,sandlotDsuperstrong
d67da69c79,MotionSensor,UFF,UFF,FALSE,TRUE,upwindDtimeshare
9807c09995,HumiditySensor,DDN,WZP,FALSE,TRUE,watermelonDundercharge
5dce1b4252,LevelSensor,WJN,THA,FALSE,TRUE,jetlinerDteammate
d2c835ec6e,PositionSensor,PZA,THA,TRUE,FALSE,scarecrowDgrandmaster
c135b1e319,FlameSensor,WZP,BCX,TRUE,FALSE,motherhoodDsharecropper
c57bf7866e,ContactSensor,PZA,UFF,FALSE,FALSE,underexposeDbutterscotch
6aa5e3e979,ParticleSensor,PZA,MCY,FALSE,TRUE,taprootDsunbaked
493e1d9636,PositionSensor,PKD,WRV,FALSE,FALSE,bodyguardDlimelight
59ee1935e5,RadiationSensor,WZP,PZA,TRUE,FALSE,fortnightDforegone
5518807332,ContactSensor,HKX,JNU,FALSE,TRUE,washclothDuplift
82b2054aec,MetalSensor,KTC,EZY,TRUE,TRUE,goodnightDkeypunch
24fff0797a,ContactSensor,JNU,EPD,FALSE,FALSE,dishwasherDdeadline
a4c91596a7,TemperatureSensor,PKD,HKX,FALSE,TRUE,cardsharpDupload
6c1c26c287,ElectricalSensor,PCS,GRM,TRUE,FALSE,sundownDoverflow
a775bce50d,LevelSensor,XCW,LYC,TRUE,FALSE,goodbyeDoverboard
901ba6ee25,PhotoelectricSensor,FRE,PKD,TRUE,TRUE,wardroomDstandby
f79115e82f,MetalSensor,HAB,GWG,FALSE,FALSE,turnbuckleDcarpool
828c27bd40,HumiditySensor,THA,QAR,FALSE,FALSE,carsickDforefoot
2e621e8ce1,MetalSensor,UFF,WJN,TRUE,TRUE,nevermoreDhighland
07f672d757,HumiditySensor,BCX,XCW,FALSE,FALSE,grasshopperDfireflies
516cafdd23,HumiditySensor,QAR,HAB,TRUE,TRUE,sixfoldDhandbook
14663d3028,HumiditySensor,PZA,FRE,FALSE,FALSE,daylightDtailgate
cf2889a2a4,RadiationSensor,PCS,ETF,TRUE,TRUE,postcardDtableware
43760e12e8,PressureSensor,PKD,FLF,TRUE,FALSE,taillikeDforemost
9874485bca,PositionSensor,EPD,HAB,FALSE,TRUE,tagalongDbutterball
eadc2096f5,FlawSensor,FVC,QAR,FALSE,TRUE,passbookDsunflower
119df18a42,RadiationSensor,EPD,JNU,FALSE,FALSE,tapewormDbuttermilk
a38b8acb01,PhotoelectricSensor,MHE,GRM,TRUE,TRUE,airfieldDwashout
5c0d32ad63,FlameSensor,WZP,HAB,FALSE,TRUE,taillightDtimepieces
ece7f9674f,ParticleSensor,JNU,UFF,TRUE,FALSE,highwayDcentercut
b3ff251655,HumiditySensor,GHC,WJN,TRUE,FALSE,sidewalkDdishcloth
552da42dae,PressureSensor,UWS,WZP,FALSE,FALSE,airmenDbutterfingers
deda5f21a1,PhotoelectricSensor,GWG,ETF,TRUE,TRUE,teammateDhorsehair
78b222d4d9,FlawSensor,WZP,WJN,FALSE,FALSE,waywardDwashtub
dea7c4305c,FlawSensor,EZY,PZA,TRUE,FALSE,whatsoeverDduckpin
be2de7cfbb,FlawSensor,HAB,EZY,TRUE,TRUE,forkliftDtadpole
c01f851a0e,ElectricalSensor,MCY,GWG,TRUE,FALSE,sharpshooterDundercut
37e965693f,ContactSensor,WZP,WZP,FALSE,FALSE,sailboatDcrosscut
357b657547,MotionSensor,LYC,KTC,FALSE,FALSE,moonbeamDcrosswalk
c9de720189,FlameSensor,PKD,HKX,TRUE,TRUE,weathermanDfisherman
4ac9405ba8,ProximitySensor,GWG,PXK,TRUE,TRUE,foresightDwaxwork
ed5687022e,FlameSensor,UFF,PXK,TRUE,TRUE,nevermoreDnewsworthy
4fcbd73b8c,ProximitySensor,PXK,ETF,TRUE,FALSE,townshipDhorseplay
b6f4cf5e67,PositionSensor,EPD,BCX,TRUE,TRUE,softwareDstandpoint
58a1c31f88,LeakSensor,EZY,DDN,TRUE,FALSE,tablewareDupbringing
6486973459,ElectricalSensor,GWG,EZY,FALSE,FALSE,foreheadDwashtub
2cff111f98,PhotoelectricSensor,EZY,PCS,FALSE,TRUE,warfareDeyewitness
cc4997fa93,RadiationSensor,LYC,WZP,FALSE,FALSE,forewarnDtarget
146f37bde7,ParticleSensor,GWG,GRM,TRUE,FALSE,newspersonDfishbowl
0ba99d92a3,LevelSensor,LYC,HAB,TRUE,TRUE,washoutDpinup
70b30c09ce,ProximitySensor,BCX,WJN,FALSE,TRUE,watchwordDponytail
f84633491e,ProximitySensor,GHC,EZY,FALSE,FALSE,strongholdDtabletop
eb2d0b1e5a,LeakSensor,EZY,EZY,FALSE,TRUE,firecrackerDhookworm
da2d86a5df,PressureSensor,FRE,GHC,FALSE,TRUE,sixfoldDpinwheel
afe8cfa6b6,MetalSensor,KTC,GWG,TRUE,FALSE,sharecropperDfireworks
cd90a85ef9,TemperatureSensor,KTC,EPD,TRUE,TRUE,daylightDheadline
f32dafc7c2,LevelSensor,WZP,FRE,FALSE,FALSE,seashoreDjellyfish
8428e28112,MetalSensor,GHC,MHE,TRUE,FALSE,fishermanDfirecracker
461568d623,ElectricalSensor,FVC,WJN,TRUE,TRUE,houseworkDhighland
23f434584a,LeakSensor,QAR,PCS,TRUE,FALSE,stopwatchDsunroof
ad0a1f7e11,PhotoelectricSensor,PXK,MHE,FALSE,FALSE,blacksmithDsuperpower
a61250c68c,HumiditySensor,FRE,UFF,TRUE,TRUE,horsepowerDtenderfoot
5e1f015ab7,FlameSensor,DDN,MCY,TRUE,FALSE,sometimesDlifesaver
ff3087d329,FlameSensor,THA,JNU,FALSE,FALSE,carpoolDstockroom
2be13c6dab,ProximitySensor,PKD,EZY,FALSE,FALSE,sixfoldDalso
a4213f2869,MetalSensor,BCX,FLF,TRUE,FALSE,takeoffDpopcorn
e1073f7ffc,PhotoelectricSensor,SLZ,WZP,FALSE,TRUE,thereforeDbluebird
35d9bb902a,RadiationSensor,XCW,WZP,TRUE,FALSE,wardroomDwatercooler
dc3794ddaf,PressureSensor,QAR,WZP,TRUE,FALSE,newfoundDfireproof
d4dbf6192b,HumiditySensor,MHE,BCX,FALSE,TRUE,pinstripeDsnakeskin
6803af6541,MotionSensor,FRE,QAR,FALSE,TRUE,matchboxDhowever
ea58a6722d,HumiditySensor,HKX,THA,TRUE,FALSE,aroundDcheeseburger
1f9b81d966,LeakSensor,PCS,FVC,TRUE,TRUE,keywayDcaretaker
42c3348362,PressureSensor,LYC,UFF,TRUE,FALSE,sunupDdairymaid
a733845132,ContactSensor,EZY,PCS,TRUE,FALSE,newspaperDbookcase
9952408cdf,ContactSensor,QAR,PKD,FALSE,FALSE,keywordDplaythings
be75489396,MotionSensor,GWG,HAB,TRUE,FALSE,foreshadowDhimself
3f24b58f3b,FlawSensor,EZY,QAR,TRUE,TRUE,takeoverDwaistline
ccbb4e4446,PositionSensor,THA,QAR,TRUE,FALSE,alsoDinside
ba52674bf1,ContactSensor,THA,LYC,FALSE,TRUE,taillikeDwalleyed
beeca11921,MetalSensor,LYC,KTC,FALSE,TRUE,standoutDgrandaunt
163066ebe4,TemperatureSensor,DDN,FLF,TRUE,TRUE,foretoldDhoneydew
c8989fd3ab,LeakSensor,MHE,SLZ,TRUE,FALSE,firefliesDhorsehair
2282023259,ProximitySensor,THA,THA,FALSE,TRUE,friendshipDglassmaking
be5ce739f8,PhotoelectricSensor,PZA,PZA,TRUE,FALSE,wardroomDtakeover
ab7d283bf6,RadiationSensor,PKD,DDN,TRUE,TRUE,tailboneDfoothill
5d4189c8ef,LeakSensor,MCY,FVC,TRUE,FALSE,sunbakedDsandlot
06972ef6c6,TemperatureSensor,FLF,PCS,TRUE,FALSE,whitewashDriverbanks
3586c4a6e5,ProximitySensor,EPD,WRV,FALSE,FALSE,grandmotherDforeclosure
07e47ad07a,HumiditySensor,MCY,PZA,TRUE,TRUE,foredoomDuptake
893c28d6ba,MetalSensor,ETF,MHE,TRUE,FALSE,airplaneDbutternut
21146f9bab,HumiditySensor,EPD,FLF,TRUE,TRUE,baseballDteaspoon
2d1f2a14cf,RadiationSensor,GRM,EPD,TRUE,TRUE,backstageDblackboard
c98db6f833,MotionSensor,WJN,MHE,TRUE,TRUE,turntableDcannot
b40e53dd89,HumiditySensor,PZA,QAR,TRUE,TRUE,basketballDgrandchild
3e278aab8a,PressureSensor,THA,PXK,TRUE,FALSE,passkeyDfirearm
203c048542,FlameSensor,PXK,HAB,TRUE,FALSE,somethingDforecastle
b9fc8e33b2,MotionSensor,PCS,GHC,TRUE,TRUE,anyhowDbypass
0797192dff,RadiationSensor,SLZ,WRV,FALSE,TRUE,bookwormDanymore
06c1e79d2f,RadiationSensor,GWG,DDN,FALSE,FALSE,railwayDhousework
94e2917f5c,PositionSensor,WJN,LYC,FALSE,FALSE,slumlordDspacewalk
dabff68cb0,PhotoelectricSensor,ETF,HKX,TRUE,TRUE,townshipDwhatsoever
e234c7aca4,RadiationSensor,UWS,XCW,FALSE,TRUE,superscriptDtenfold
7f816df6df,HumiditySensor,UWS,HAB,TRUE,FALSE,throwawayDbookmobile
7595eb02aa,PressureSensor,GWG,FLF,FALSE,TRUE,stepsonDwatchword
be043ac6cf,ParticleSensor,MHE,FVC,TRUE,FALSE,taprootDstepson
98375e9c37,TemperatureSensor,GHC,QAR,TRUE,TRUE,blackboardDwastepaper
4ecdb04396,ParticleSensor,FRE,PKD,TRUE,TRUE,cartwheelDairfield
87f84ec024,PositionSensor,WRV,SLZ,FALSE,FALSE,tenderfootDwheelhouse
b82a956373,FlameSensor,SLZ,HAB,FALSE,TRUE,footballDhereupon
ab78521457,ProximitySensor,GWG,PXK,FALSE,FALSE,sunbakedDclockwise
81ee182cce,TemperatureSensor,HKX,QAR,TRUE,TRUE,popcornDwaterfront
780d7621c2,PhotoelectricSensor,WRV,BCX,FALSE,TRUE,anywhereDbookmark
950457176,TemperatureSensor,EZY,PKD,FALSE,TRUE,earthwormDbookshelf
ee81ebac69,TemperatureSensor,WRV,FLF,FALSE,FALSE,eggheadDthunderbolt
0a02ef6f24,ContactSensor,HKX,JNU,TRUE,TRUE,peppermintDcarpetbagger
bdbda827a5,HumiditySensor,PXK,HKX,FALSE,TRUE,themselvesDteaspoon
07b7c308db,ProximitySensor,EZY,EZY,FALSE,FALSE,dishclothDblueprint
f5f4ec437a,ParticleSensor,EZY,XCW,TRUE,FALSE,peppermintDwastewater
58656f7d16,PressureSensor,WJN,FVC,FALSE,TRUE,forecastDhandgun
d6cd024cfd,ProximitySensor,DDN,UFF,FALSE,TRUE,uproarDtableware
42c21a2279,PhotoelectricSensor,HKX,EZY,FALSE,TRUE,newbornDbellhop
984f5c5a5a,LevelSensor,WRV,THA,TRUE,FALSE,tailspinDsuperpower
a33c9b94b9,ElectricalSensor,FLF,KTC,TRUE,TRUE,tablespoonDjumpshot
bcc67a4deb,FlawSensor,LYC,HAB,FALSE,TRUE,underbellyDjellybean
764e1ac87f,TemperatureSensor,PZA,HKX,TRUE,TRUE,candlestickDblackjack
4.20E+56,ProximitySensor,EPD,UWS,TRUE,FALSE,daylightDmainland
1afeed265a,TemperatureSensor,WJN,PKD,TRUE,FALSE,upgradeDrattletrap
3b0cf7f89e,ParticleSensor,GRM,PKD,TRUE,TRUE,upbeatDhorseplay
fb9ba59895,RadiationSensor,WRV,EZY,FALSE,TRUE,supersensitiveDanywhere
86c459c8d8,ContactSensor,WZP,XCW,TRUE,FALSE,forebearDwaterline
3eb4bd7e1e,HumiditySensor,EZY,QAR,FALSE,FALSE,dairymaidDmotherhood
f5b1f2be08,ContactSensor,PZA,FLF,TRUE,FALSE,afterimageDbackspace
b10147fc59,MotionSensor,WJN,FRE,FALSE,TRUE,boldfaceDballroom
5b1c5f254c,FlameSensor,FRE,HKX,FALSE,FALSE,fishhookDtherefore
695153efcc,PhotoelectricSensor,WRV,WJN,TRUE,FALSE,thunderstormDovercoat
e7e7df3e4c,ParticleSensor,THA,GHC,FALSE,FALSE,fishbowlDsnakeskin
6708a67b02,MotionSensor,WJN,LYC,FALSE,TRUE,anywhereDtoday
c11f992527,ProximitySensor,FVC,PXK,FALSE,TRUE,foregroundDwarehouse
44443aadf8,ParticleSensor,KTC,WRV,TRUE,FALSE,carhopDeyecatching
67d02775f1,FlawSensor,PZA,PKD,TRUE,FALSE,upstandingDcentercut
880edace97,ElectricalSensor,HKX,PKD,FALSE,TRUE,uplandDoverboard
dd6366e8eb,ProximitySensor,SLZ,QAR,FALSE,FALSE,limestoneDforeground
fe738e1e80,PositionSensor,MCY,EPD,FALSE,FALSE,throwawayDbackward
e2b2242bb2,RadiationSensor,FRE,EPD,TRUE,FALSE,thereforeDnewsworthy
5f644066db,PressureSensor,BCX,DDN,FALSE,TRUE,uprootDbedroom
71c3705e71,FlawSensor,MCY,PXK,TRUE,TRUE,foregoDhouseboat
8c6f525917,LeakSensor,BCX,HKX,TRUE,TRUE,jetportDjackpot
ff3be15eea,PressureSensor,MHE,WJN,FALSE,TRUE,noisemakerDanother
6280ae343a,RadiationSensor,UWS,UFF,TRUE,FALSE,newsroomDturnaround
cff1f45d77,PressureSensor,PKD,MCY,FALSE,TRUE,jetportDpostcard
74e54b217f,HumiditySensor,WRV,HAB,FALSE,TRUE,anyhowDcomeback
af1452a52a,HumiditySensor,UFF,SLZ,TRUE,FALSE,waterfallDanyplace
30f0f97c6a,ParticleSensor,SLZ,WZP,TRUE,TRUE,blackbirdDrainstorm
827264c3ad,FlawSensor,WJN,MCY,FALSE,TRUE,graveyardDtagalong
9066bafebb,ParticleSensor,WRV,QAR,FALSE,TRUE,somebodyDearthward
b775aab75e,HumiditySensor,HKX,UFF,FALSE,TRUE,herselfDthunderbird
6a0238d4d4,ProximitySensor,FLF,MCY,TRUE,TRUE,boardwalkDbootstrap
1fea2af746,ProximitySensor,DDN,PKD,TRUE,FALSE,whatsoeverDwoodshop
5dddf77a9d,RadiationSensor,EZY,QAR,FALSE,TRUE,peppermintDsharecropper
cdd8953685,LeakSensor,PKD,THA,TRUE,TRUE,bellhopDduckweed
57dae3c306,MetalSensor,JNU,PCS,FALSE,TRUE,teapotDdeadline
d6a6a824b8,PhotoelectricSensor,UFF,FRE,FALSE,TRUE,handcuffDgraveyard
020b7d3eb2,PressureSensor,GRM,UFF,TRUE,FALSE,turnaroundDunderact
7fe8ecfc44,HumiditySensor,FVC,PKD,TRUE,FALSE,timesavingDtailspin
bb4ce82a7a,FlameSensor,SLZ,GWG,TRUE,FALSE,turnoffDthunderbolt
87fafc1daf,HumiditySensor,THA,XCW,TRUE,FALSE,aroundDturnaround
62eb71362c,MetalSensor,WRV,MHE,TRUE,FALSE,newbornDbellbottom
b17b7fabb8,HumiditySensor,SLZ,XCW,FALSE,TRUE,walleyedDtableware
aedb3c6f92,FlawSensor,EPD,FVC,FALSE,FALSE,forgiveDcarryall
c5537a00df,HumiditySensor,FLF,PCS,FALSE,TRUE,underarmDwatchband
1428c613d0,FlameSensor,QAR,WRV,TRUE,FALSE,subwayDwatchdog
2a5a972bbc,RadiationSensor,UWS,KTC,TRUE,FALSE,blacklistDwarlike
9c50ff67b5,MotionSensor,FVC,SLZ,TRUE,TRUE,newscasterDupscale
766afe5811,HumiditySensor,JNU,PCS,FALSE,TRUE,warehouseDforethought
2fdec46de4,PositionSensor,QAR,FVC,TRUE,TRUE,upscaleDforethought
c9fc89915d,MetalSensor,UWS,EZY,FALSE,TRUE,butterfingersDstarfish
c65afcdae4,LevelSensor,BCX,GRM,TRUE,FALSE,turnaboutDuplink
a30691cf23,ParticleSensor,UFF,SLZ,TRUE,FALSE,tableclothDfruitcup
55b42212ca,RadiationSensor,PXK,GHC,FALSE,TRUE,starfishDsomewhat
029f19ef19,HumiditySensor,WRV,FLF,FALSE,FALSE,tenderfootDtypewriter
6d75538b2c,PhotoelectricSensor,EPD,FLF,FALSE,FALSE,uptightDcardboard
3f717e63aa,MetalSensor,PCS,BCX,TRUE,FALSE,pinstripeDalso
cc3cb3e325,ParticleSensor,HKX,XCW,TRUE,FALSE,nursemaidDcannot
7ab5186044,HumiditySensor,UFF,PKD,TRUE,TRUE,overflowDhandcuff
ca1dad0424,FlameSensor,SLZ,FLF,TRUE,TRUE,newscasterDallspice
5061230c72,FlameSensor,UWS,PCS,TRUE,FALSE,horseflyDsoundproof
bd009c9a4b,ParticleSensor,UWS,PCS,TRUE,FALSE,cannotDwayfarer
62e4acee90,RadiationSensor,ETF,HAB,FALSE,FALSE,backdropDcandlelight
1d20297515,FlameSensor,GRM,THA,FALSE,TRUE,tabletopDupscale
580b4ae5da,ElectricalSensor,GRM,UWS,TRUE,TRUE,jetportDwashhouse
a064c3ad41,PressureSensor,FVC,FLF,FALSE,TRUE,newscasterDgrandmaster
79c18bba80,ProximitySensor,MCY,LYC,TRUE,FALSE,railwayDbedroll
3e26e3fae3,FlawSensor,WRV,PXK,FALSE,TRUE,boldfaceDeggshell
b5ce6f3453,ContactSensor,HKX,GHC,TRUE,FALSE,airliftDturncoat
a9101131c6,LevelSensor,LYC,FRE,FALSE,TRUE,earthwormDbootstrap
5c5b0f7025,LevelSensor,FRE,XCW,TRUE,TRUE,forehandDturnaround
1234e28c30,PositionSensor,PKD,HAB,FALSE,FALSE,starfishDanymore
941799e0a9,HumiditySensor,MCY,UFF,FALSE,TRUE,upstageDwashtub
6ea62c7bf2,FlameSensor,PZA,JNU,TRUE,TRUE,insideDbaseball
95eae23c5f,FlameSensor,KTC,JNU,TRUE,TRUE,tableclothDupright
d3a9814379,TemperatureSensor,EZY,WRV,TRUE,TRUE,nevermoreDstepson
e0fb0e161c,FlawSensor,LYC,QAR,TRUE,FALSE,upthrustDpassbook
5b0f4e1a70,ParticleSensor,DDN,UWS,TRUE,FALSE,notebookDherself
ee643e266c,MetalSensor,EPD,XCW,TRUE,TRUE,teammateDfirearm
47a0bbcbaf,LevelSensor,LYC,WZP,FALSE,TRUE,cornmealDmotherhood
37e9f740e2,LeakSensor,EPD,JNU,FALSE,FALSE,showplaceDrattlesnake
139cc012f5,RadiationSensor,EPD,PZA,FALSE,FALSE,hereinDupright
59cffcf327,ContactSensor,PCS,GWG,FALSE,TRUE,himselfDshowoff
45079f4cdf,FlawSensor,UWS,MCY,FALSE,TRUE,bookmarkDsaucepan
92faf3f1c4,PressureSensor,GRM,SLZ,TRUE,FALSE,waywardDforewarn
ecbb3ec1b5,ParticleSensor,LYC,THA,TRUE,TRUE,blacklistDalso
48ad912d08,ParticleSensor,THA,EZY,FALSE,FALSE,timekeeperDgrandaunt
e32e2a5c5e,ContactSensor,UWS,WZP,TRUE,TRUE,wastewaterDforesee
7206303618,ProximitySensor,ETF,QAR,FALSE,FALSE,warlikeDnevermore
5bc47f69dc,HumiditySensor,FLF,WJN,FALSE,TRUE,lukewarmDupbringing
a3450edf9e,MetalSensor,DDN,BCX,FALSE,FALSE,meanwhileDtaleteller
cbfe57d8e3,ProximitySensor,THA,MHE,FALSE,TRUE,herebyDhamburger
20061d34d8,MotionSensor,EPD,XCW,TRUE,TRUE,warfareDhandbook
b30a3ae6d6,ProximitySensor,SLZ,FVC,FALSE,FALSE,tadpoleDbedroll
,,,,,,turnbuckleDbackground
,,,,,,tenderfootDglassmaking
